"chr","position","amplicon","base","C.1_S1","C.2_S2","C.3_S3","C.4_S4","cov.1_S1","cov.2_S2","cov.3_S3","cov.4_S4"
"chr1",200010100,"CG242F","CG",0.132773363275177,0.0224271471617222,0.108864510886451,0.277395996679273,46312,49449,41841,43364
"chr1",200010137,"CG242F","CG",0.133103076092822,0.183663576319457,0.124892580922372,0.262922591201346,46325,49509,41892,43393
"chr1",200010163,"CG242F","CG",0.143076125912172,0.0956345998383185,0.145428932979968,0.232666420800295,46318,49480,41883,43384
"chr1",200010197,"CG242F","CG",0.0622135754431474,0.116662953436089,0.0634829580763899,0.0858935326137098,46260,49373,41838,43356
"chr1",200010208,"CG242F","CG",0.110365866851295,0.0457438184029185,0.0388414532060941,0.0422944691847989,46219,49340,41811,43339
"chr1",211590174,"LINC","CG",0.00225290573637589,0.677309253582967,0.226351529188819,0.0995401168508128,58591,60355,56991,69148
"chr1",211590179,"LINC","CG",0.00221733271930273,0.636074902401906,0.225303991309528,0.0883424408014572,58629,60452,57074,69174
"chr1",211590207,"LINC","CG",0.00206248828131658,0.681366634159242,0.237273300189062,0.136104166365594,58667,60499,57124,69197
"chr1",211590213,"LINC","CG",0.00153392531488078,0.681062409096919,0.297554657004324,0.0948665713088582,58673,60504,57129,69213
"chr1",211590220,"LINC","CG",0.0019443639030547,0.550213427748916,0.236196748878924,0.132794657569888,58631,60442,57088,69182
"chr1",211590227,"LINC","CG",0.0534172723240182,0.636867625399242,0.236883162415637,0.142580299940706,58614,60427,57045,69147
"chr1",211590229,"LINC","CG",0.054647233505137,0.508777445027218,0.237210606565134,0.115498090940646,58594,60439,57059,69144
"chr1",211590231,"LINC","CG",0.0566780909509438,0.638988095238095,0.238348681676529,0.148658605296234,58647,60480,57118,69219
"chr1",211590236,"LINC","CG",0.00168812345468497,0.65558642587815,0.239517498555647,0.167364983962782,58645,60468,57119,69214
"chr1",211590239,"LINC","CG",0.00144964611580114,0.68161746464897,0.24120726177763,0.122523590017774,58635,60465,57121,69203
"chr1",211590243,"LINC","CG",0.0018418718875776,0.639252645502645,0.239488884999125,0.111448220064725,58636,60480,57130,69216
"chr1",211590252,"LINC","CG",0.00223400808335749,0.638826409102937,0.240161753378615,0.140025427646787,58639,60464,57124,69216
"chr1",211590255,"LINC","CG",0.00182497313707766,0.682179773422641,0.174177170868347,0.144087264321318,58631,60465,57120,69215
"chr1",211590265,"LINC","CG",0.00216782739314489,0.639899416017337,0.241523048900098,0.105150586739118,58584,60447,57096,69196
"chr1",211590273,"LINC","CG",0.00411389163907002,0.638048280084052,0.203402004064186,0.118083153893955,58582,60439,57084,69197
"chr1",211590275,"LINC","CG",0.00199730278768842,0.431762895298615,0.199498975176497,0.0971830782349795,58579,60429,57083,69189
"chr1",211590285,"LINC","CG",0.00155359033018063,0.640628362384334,0.244678055190539,0.153897295812918,58574,60411,57075,69189
"chr1",211590289,"LINC","CG",0.00186229284127798,0.642202898550725,0.244826739618406,0.166367816756804,58530,60375,57024,69154
"chr1",211590292,"LINC","CG",0.00193069983597594,0.683182586224033,0.154307562789392,0.170103241851991,58528,60366,57016,69158
"chr1",149137917,"CG752F","CG",0.0869242769097,0.478517163401682,0.291758560650029,0.489810209108031,39103,39357,34460,41414
"chr1",149137923,"CG752F","CG",0.0824863374023188,0.439987822513129,0.256882063170096,0.478287078340125,39158,39417,34510,41473
"chr1",149137926,"CG752F","CG",0.0515084996681811,0.310050200294103,0.212280955829109,0.376265304155018,39178,39442,34525,41492
"chr1",149137928,"CG752F","CG",0.0584196825072738,0.388946634554443,0.234883586238851,0.46518857693698,39182,39445,34532,41495
"chr1",149137936,"CG752F","CG",0.0423620680855408,0.409505703422053,0.154629924450748,0.341654417965832,39186,39450,34547,41501
"chr1",149137942,"CG752F","CG",0.0943193997856377,0.383858866470648,0.265174979014097,0.31560053005662,39186,39452,34547,41505
"chr1",149137954,"CG752F","CG",0.0548791382699033,0.432907348242812,0.240416907932831,0.36686989420922,39177,39438,34540,41497
"chr1",149137961,"CG752F","CG",0.0371751008527805,0.172874904846486,0.0900739023329952,0.105061368184997,39166,39410,34505,41471
"chr1",149137965,"CG752F","CG",0.0445176614818788,0.406741801198091,0.166033798081104,0.256853526220615,39153,39396,34499,41475
"chr1",149137970,"CG752F","CG",0.0698755780383741,0.319083542889075,0.161359549910098,0.252478471669441,39141,39369,34482,41457
"chr1",149137972,"CG752F","CG",0.0340871342787786,0.195056271117547,0.113943506757149,0.172219139748631,39135,39363,34482,41453
"chr1",242687006,"PLD52F","CG",0.0706341716167953,0.306303869595009,0.152650147686249,0.321747268883833,54039,55458,48752,61971
"chr1",242687008,"PLD52F","CG",0.0807624687702415,0.286492139045146,0.191772112959127,0.332526582441874,54035,55464,48761,61977
"chr1",242687016,"PLD52F","CG",0.0820344999722669,0.284880263798043,0.216234498308906,0.318731653817619,54087,55497,48785,62002
"chr1",242687019,"PLD52F","CG",0.190407514237113,0.462796814758765,0.341735833589507,0.466866644088571,54084,55506,48795,62007
"chr1",242687044,"PLD52F","CG",0.0996378819790858,0.103024302430243,0.207899101165005,0.376555347817678,54126,55550,48841,62044
"chr1",242687056,"PLD52F","CG",0.132092920026633,0.262208527047969,0.215121161842725,0.378944482964348,54068,55494,48819,62017
"chr1",242687064,"PLD52F","CG",0.0516810687785652,0.280219879246643,0.133161142201177,0.25268184091239,54043,55485,48783,61991
"chr1",242687084,"PLD52F","CG",0.0523047837933016,0.221007038440715,0.175350680823972,0.297380710003716,53953,55410,48691,61887
"chr2",200335625,"SATB2","CG",0.959934919666463,0.0524654317766762,0.340573788119919,0.244578741557057,34419,38330,46498,30943
"chr2",200335631,"SATB2","CG",0.789372766625025,0.0229549248747913,0.0407456781628967,0.149022774995962,34421,38336,46508,30955
"chr2",200335660,"SATB2","CG",0.960894179126143,0.207118476250033,0.51228424650173,0.277754462988669,34445,38379,46523,30977
"chr2",200335664,"SATB2","CG",0.926829268292683,0.0865813280496389,0.343168035783407,0.23406933953128,34440,38357,46502,30978
"chr2",200335682,"SATB2","CG",0.732249338258821,0.065257208645141,0.12021033576139,0.226026732256707,34379,38218,46402,30899
"chr2",200335684,"SATB2","CG",0.426922687544292,0.0461005770816158,0.0713470009244657,0.247671665351223,29633,30325,36778,25340
"chr3",125709697,"ROPN1B","CG",0.0155658125099475,0.00719109554777389,0.524603334002812,0.923244827173783,62830,47976,34853,66888
"chr3",125709708,"ROPN1B","CG",0.0148531401735254,0.084712552632676,0.5783872170745,0.952111833744487,62815,47974,34859,66885
"chr3",125709740,"ROPN1B","CG",0.00974646451777296,0.0124057559365928,0.520735872341647,0.848430023923445,62792,47881,34843,66880
"chr3",125709743,"ROPN1B","CG",0.00831514726731128,0.00708064415063601,0.51975081816616,0.941607476635514,62777,47877,34834,66875
"chr3",125709758,"ROPN1B","CG",0.0213209438495441,0.0868775446288757,0.581740428218816,0.9114052648878,62849,47895,34842,66934
"chr3",125709761,"ROPN1B","CG",0.0164059640691883,0.00774692002505742,0.523005826803295,0.9741206705914,62843,47890,34839,66926
"chr3",125709768,"ROPN1B","CG",0.0236370871468365,0.0464421510048886,0.469134383262444,0.918771484083097,62825,47866,34796,66910
"chr3",125709778,"ROPN1B","CG",0.0222449174991223,0.0381141959140911,0.438713767071976,0.456506465356155,62666,47725,34706,66895
"chr3",125709799,"ROPN1B","CG",0.0272519608312966,0.043555947951483,0.524981206268432,0.914626481503651,62601,47571,34586,66824
"chr3",125709802,"ROPN1B","CG",0.0260950307377049,0.00995696565690659,0.577779711153645,0.916742881988695,62464,47404,34482,66697
"chr3",172166029,"GHSR2F","CG",0.0456659203306842,0.537145852901986,0.167592773573842,0.345308641975309,40643,91558,71626,81000
"chr3",172166041,"GHSR2F","CG",0.066942006539322,0.573457645992773,0.191686202277294,0.392576871822714,40677,91597,71664,81044
"chr3",172166053,"GHSR2F","CG",0.0342854336026721,0.47858147982503,0.100747413336308,0.105687647987372,40717,91673,71714,81088
"chr3",172166068,"GHSR2F","CG",0.0273364715112288,0.527232308262319,0.0627906329184418,0.142827227710576,40788,91766,71826,81182
"chr3",172166072,"GHSR2F","CG",0.0193467706341033,0.517845073800336,0.105746197983399,0.229532433930882,40782,91734,71804,81165
"chr3",172166081,"GHSR2F","CG",0.036055923473142,0.574556670917394,0.207804144385027,0.297034216784337,40770,91749,71808,81159
"chr3",172166084,"GHSR2F","CG",0.0208563366458103,0.423136891457232,0.0508441522259988,0.133158335798087,40755,91715,71788,81144
"chr3",172166086,"GHSR2F","CG",0.0238860141746573,0.434554688521732,0.110925446291809,0.179746211654552,40777,91756,71814,81170
"chr3",172166107,"GHSR2F","CG",0.0395318021201413,0.360500986494294,0.0884110249160875,0.193081017149616,40752,91739,71801,81168
"chr3",172166110,"GHSR2F","CG",0.0749294391949932,0.584422378933371,0.206244429590018,0.260706189631382,40745,91747,71808,81168
"chr3",172166117,"GHSR2F","CG",0.0555200864355171,0.516879293424926,0.111812318022875,0.186729098638408,40724,91710,71781,81155
"chr3",172166122,"GHSR2F","CG",0.0723354000590493,0.588932547478716,0.187751914199244,0.266312126745965,40644,91620,71701,81044
"chr3",172166128,"GHSR2F","CG",0.00322596532702916,0.130130775365723,0.0429808632490571,0.081181540893318,40608,91531,71590,80979
"chr4",40859249,"APBB2","CG",0.00829018398149168,0.665963498459351,0.218935729094679,0.622379003809793,36308,42190,28940,35435
"chr4",40859251,"APBB2","CG",0.00228385889604315,0.657918402120409,0.167989235440243,0.558227384207707,36342,42256,28984,35473
"chr4",40859259,"APBB2","CG",0.028665749656121,0.667005676442763,0.241991655460157,0.589607754733995,36350,42280,29001,35488
"chr4",40859268,"APBB2","CG",0.0292183674030869,0.688912020061035,0.185869377907979,0.554854163731154,36347,42271,29015,35485
"chr4",40859272,"APBB2","CG",0.00231080300404391,0.667801096615617,0.247330347915949,0.599802789125229,36351,42312,29030,35495
"chr4",40859280,"APBB2","CG",0.0167431886289281,0.679858239810986,0.256067752263573,0.564613781645124,36373,42325,29047,35511
"chr4",40859293,"APBB2","CG",0.00206213912565301,0.739688164422395,0.25312446204166,0.668863354736961,36370,42330,29045,35508
"chr4",40859306,"APBB2","CG",0.0152432313449263,0.680820881407225,0.25415316743641,0.649670218163369,36344,42296,29014,35478
"chr6",392555,"CG2611F","CG",0.019412519689633,0.249203292294289,0.0863824971708789,0.233670353531926,68564,87234,66275,73685
"chr6",392560,"CG2611F","CG",0.0153431050827682,0.247524865930238,0.122797489741733,0.273356307491927,68565,87268,66288,73706
"chr6",392575,"CG2611F","CG",0.0062247620158316,0.179800501609043,0.0593689225249129,0.252005048243293,68597,87319,66331,73689
"chr6",392588,"CG2611F","CG",0.0293723019484308,0.224136351140841,0.148872339142495,0.28824279935934,68568,87304,66332,73674
"chr6",392605,"CG2611F","CG",0.0206591101139311,0.0314004964595797,0.0358035472311723,0.0507329906833562,68638,87419,66418,73739
"chr6",392613,"CG2611F","CG",0.00753303900569713,0.24148344734494,0.0240880417927525,0.0602300160034719,68631,87418,66423,73734
"chr6",392624,"CG2611F","CG",0.0247583220331569,0.331284551728874,0.0603102876939298,0.0647870507306351,68583,87369,66390,73703
"chr6",392628,"CG2611F","CG",0.021172662185217,0.262772887021625,0.0806189170458312,0.0782339692274294,68579,87353,66374,73702
"chr6",392632,"CG2611F","CG",0.0513691639205622,0.287669978480839,0.0978079096045198,0.135941167691076,68582,87364,66375,73701
"chr6",392638,"CG2611F","CG",0.0235814619046228,0.276180321478526,0.0622396619378207,0.0749106426930865,68486,87222,66260,73581
"chr6",392648,"CG2611F","CG",0.034012315055301,0.381816932222999,0.169959282159554,0.197088617908259,68534,87301,66310,73642
"chr6",392650,"CG2611F","CG",0.0192363784855909,0.405231752430909,0.12046667269603,0.13449165196145,68568,87313,66342,73670
"chr6",392652,"CG2611F","CG",0.016729139623412,0.356359887749843,0.104811721788417,0.135350491393821,68563,87305,66338,73668
"chr6",392661,"CG2611F","CG",0.0213089135229082,0.396502895144184,0.0648850930271159,0.118099326233428,68469,87215,66271,73616
"chr7",19184934,"FERD3L","CG",0.930142625472993,0.333260380190095,0.642579048866572,0.236458075686372,24049,31984,27483,28301
"chr7",19184937,"FERD3L","CG",0.815150507234326,0.283598412648814,0.554642324617231,0.198297481544276,24052,32003,27497,28311
"chr7",19184950,"FERD3L","CG",0.945886457078782,0.3568640919167,0.679854677565849,0.250044152449578,24079,32029,27525,28311
"chr7",19184961,"FERD3L","CG",0.92378187849886,0.270580170748426,0.57916304032492,0.225039675542232,24115,32094,27576,28355
"chr7",19184971,"FERD3L","CG",0.964364148676087,0.399701204519282,0.597370136926755,0.262616295460953,24133,32129,27606,28376
"chr7",19184980,"FERD3L","CG",0.951101358065585,0.347527856233899,0.554348218475867,0.273450144254451,24152,32219,27701,28422
"chr7",19184986,"FERD3L","CG",0.95833505901843,0.319837302449778,0.531131564699513,0.223020063357973,24145,32207,27705,28410
"chr7",19184991,"FERD3L","CG",0.949201079062046,0.362308481213289,0.668280346820809,0.233501286071668,24095,32177,27680,28381
"chr7",19185012,"FERD3L","CG",0.9611508994004,0.337272953471013,0.62360423517508,0.263851220457187,24016,32152,27673,28391
"chr7",19185020,"FERD3L","CG",0.945522855353788,0.375677696765751,0.658863965267728,0.415805621187008,23955,32094,27640,28357
"chr7",19185032,"FERD3L","CG",0.625188853449723,0.154965726626811,0.300464711007842,0.200984035963329,23828,31949,27544,28251
"chr7",24324875,"NPY","CG",0.0731596870018838,0.389779719967894,0.485774150860168,0.192066109577366,55208,56065,45340,53971
"chr7",24324889,"NPY","CG",0.0994390155627941,0.439450864478909,0.46920704845815,0.169135345306425,55260,56161,45400,54010
"chr7",24324901,"NPY","CG",0.113057152152695,0.407090660171044,0.528219684467622,0.200318141461971,55326,56243,45447,54064
"chr7",24324916,"NPY","CG",0.0587395398434817,0.390109499431172,0.503003234252272,0.132293920730918,55329,56256,45451,54069
"chr7",24324930,"NPY","CG",0.0561828199801283,0.367911627328751,0.453621402798557,0.210269400735906,55355,56307,45452,54083
"chr7",24324937,"NPY","CG",0.0484817832047831,0.359902695408218,0.441897302767633,0.152822200447411,55361,56318,45454,54089
"chr7",24324942,"NPY","CG",0.100037920511385,0.429593086191904,0.586209171890465,0.170949968568576,55379,56351,45465,54086
"chr7",24324957,"NPY","CG",0.0682614190287055,0.385775365018539,0.49456665200176,0.19634703196347,55390,56367,45460,54093
"chr7",24324966,"NPY","CG",0.0290645196230639,0.351260265711194,0.440765592344077,0.14334836944465,55394,56377,45455,54092
"chr7",24324970,"NPY","CG",0.0508242006246953,0.336349282381535,0.450754741891476,0.152823490255538,55387,56367,45446,54082
"chr7",24324976,"NPY","CG",0.0372664078721676,0.353987011604386,0.452172956320827,0.173412969914385,55385,56358,45445,54079
"chr7",24324984,"NPY","CG",0.0743459473141803,0.398844649840028,0.522626578790751,0.161978481879965,55309,56260,45367,54001
"chr8",53852711,"CG2452F","CG",0.0581439119733604,0.0318786202363509,0.06996996996997,0.0555472101213426,69070,73027,63270,59913
"chr8",53852714,"CG2452F","CG",0.0749431480757253,0.0559838950438915,0.0843952569169961,0.0968873154765881,69039,73021,63250,59884
"chr8",53852717,"CG2452F","CG",0.0593845886643895,0.0190817751252498,0.050546707116673,0.0473122945211195,69092,73054,63288,59921
"chr8",53852728,"CG2452F","CG",0.0268025123737301,0.0157522341896016,0.0339467656583208,0.0431358152418776,69098,73069,63305,59927
"chr8",53852750,"CG2452F","CG",0.0424845583023535,0.0266735972423604,0.125363142604522,0.118382868007605,69131,73106,63336,59958
"chr8",53852753,"CG2452F","CG",0.0658865391847716,0.0465227620923616,0.153081040117463,0.12954128440367,69134,73104,63339,59950
"chr8",53852766,"CG2452F","CG",0.0364736362188997,0.0223685471395912,0.0546189942015705,0.0335653364044531,69091,73049,63293,59913
"chr8",53852780,"CG2452F","CG",0.0496464199108426,0.0340840428453721,0.0728479969574037,0.0468543295878895,68867,72820,63104,59717
"chr8",53852804,"CG2452F","CG",0.0491598348741206,0.0232506947692816,0.0405420433062735,0.0300662362706464,68796,72686,62947,59635
"chr8",53852813,"CG2452F","CG",0.0367602240733753,0.0145622398373425,0.033774351164414,0.0214218770919802,68906,72791,63036,59752
"chr9",104248531,"C9orf125","CG",0.0940326901424855,0.0683906922174423,0.311969651592293,0.0920352412488174,51514,40912,50085,33824
"chr9",104248556,"C9orf125","CG",0.0599112282674006,0.0885165130006342,0.0715295898651475,0.175703581332232,51593,40998,50203,33898
"chr9",104248579,"C9orf125","CG",0.0545856182300851,0.0495061577856359,0.418350889070309,0.0934135622216323,51607,41005,50221,33903
"chr9",104248586,"C9orf125","CG",0.0203800659298041,0.0430600986183665,0.177442500099653,0.0686500206599374,51570,40966,50174,33882
"chr9",104248595,"C9orf125","CG",0.101308012789458,0.103968970312004,0.474490202325952,0.10199687343303,51605,40993,50216,33903
"chr9",104248604,"C9orf125","CG",0.068510407380131,0.0763526369712641,0.664714786488209,0.122304492757898,51598,40994,50208,33899
"chr9",104248609,"C9orf125","CG",0.0905157359618146,0.0822690532587727,0.819435861656533,0.123984760329602,51538,40951,50165,33859
"chr10",124902280,"HMX2","CG",0.0467192187995006,0.047596500257334,0.0400484101661349,0.25069209474008,53661,48575,45445,39012
"chr10",124902304,"HMX2","CG",0.0690850148119166,0.050912979108406,0.608685136323659,0.284104875051209,53673,48632,45480,39056
"chr10",124902309,"HMX2","CG",0.104003724394786,0.143878683269634,0.641558784095655,0.292357698607699,53700,48666,45497,39072
"chr10",124902321,"HMX2","CG",0.0324765963782546,0.0847447188520047,0.0204157876230661,0.199027760010234,53731,48711,45504,39085
"chr10",124902345,"HMX2","CG",0.0226449613560841,0.0238473112517262,0.0509127744379115,0.240511529967644,53566,48517,45411,38942
"chr10",124902350,"HMX2","CG",0.02350722581127,0.017117637353572,0.00574864543412184,0.263103802672148,53558,48488,45402,38920
"chr10",124902361,"HMX2","CG",0.0232227665382746,0.0197104446742503,0.0191989407480967,0.251100981225373,53482,48350,45315,38829
"chr10",124902363,"HMX2","CG",0.0330227510851669,0.0347604654051592,0.0139161935897153,0.270845150311968,53448,48302,45271,38786
"chr12",39299230,"CPNE8","CG",0.843001784673016,0.445218315571592,0.0501883468580746,0.0166816501847967,56593,71502,53359,60066
"chr12",39299249,"CPNE8","CG",0.780707952096655,0.389969107759404,0.0646278886849695,0.0115839755005576,56614,71539,53398,60083
"chr12",39299263,"CPNE8","CG",0.782362916902205,0.450480661748267,0.0493307123467191,0.00863934480807005,56608,71568,53415,60074
"chr12",39299265,"CPNE8","CG",0.713872118066589,0.0553864201323911,0.0449961645680929,0.00672078786265637,56646,71606,53449,60112
"chr12",39299271,"CPNE8","CG",0.780632969517149,0.379292527266887,0.0642873184608474,0.010900860419059,56622,71607,53432,60087
"chr12",39299282,"CPNE8","CG",0.782194295396781,0.452490266400592,0.0752052668000823,0.016338890552727,56656,71659,53467,60102
"chr12",39299303,"CPNE8","CG",0.846644070190305,0.450238025435915,0.0511693171188026,0.0199830285685762,56646,71631,53450,60101
"chr12",39299310,"CPNE8","CG",0.784110565891199,0.455863253592526,0.0517412376728606,0.0172382235977304,56654,71607,53439,60099
"chr12",39299326,"CPNE8","CG",0.844341956460277,0.397947484690025,0.0501995615267862,0.0198145095492615,56592,71522,53367,60057
"chr16",85932208,"CG1002F","CG",0.030934730505546,0.0050334565065415,0.013316108516347,0.0267238725565646,53823,50065,50315,51976
"chr16",85932215,"CG1002F","CG",0.0618683115338882,0.0328746330064511,0.0231901913637899,0.0614683135172573,53824,50069,50323,51978
"chr16",85932225,"CG1002F","CG",0.0208538374403447,0.00203580623914736,0.0335762365228442,0.0650886436180441,53851,50103,50363,52006
"chr16",85932233,"CG1002F","CG",0.0232558139534884,0.00816350971038502,0.00738930933794172,0.0414647280560043,53836,50101,50343,51996
"chr16",85932238,"CG1002F","CG",0.0396205046322942,0.0219898631121044,0.0374811403160486,0.103944788342497,53861,50114,50372,52018
"chr16",85932249,"CG1002F","CG",0.0196249535833643,0.00486753909990425,0.00927249622746406,0.0514516439146318,53860,50128,50364,52010
"chr16",85932256,"CG1002F","CG",0.027040579440988,0.0301137497505488,0.0228695185678237,0.12075928917609,53845,50110,50329,51996
"chr16",85932258,"CG1002F","CG",0.026881420795482,0.00538911398974072,0.0157178340784898,0.0948158122535347,53829,50101,50325,51985
"chr16",85932264,"CG1002F","CG",0.0559965792262358,0.0328405912904515,0.010997752719607,0.0696895629246136,53789,50060,50283,51959
"chr16",85932270,"CG1002F","CG",0.0208449551861356,0.00855144855144855,0.00921283030881885,0.0842109316339693,53778,50050,50256,51941
"chr16",85932280,"CG1002F","CG",0.0191542381076357,0.0134897477916783,0.0142185757527481,0.0603082033060405,53774,50038,50216,51784
"chr16",85932282,"CG1002F","CG",0.0155653614850398,0.0141902169562085,0.0120626059216429,0.0294885429759257,53709,49964,50155,51715
"chr16",85932284,"CG1002F","CG",0.0424315769875256,0.00222177742193755,0.0115854752836547,0.0280813042721488,53710,49960,50149,51707
"chr16",85932287,"CG1002F","CG",0.0175173776113006,0.0477697438259859,0.022229760740726,0.0406370338835459,53661,49927,50113,51677
